{
	"credit": "Made with Blockbench",
"display": {
    	"thirdperson_righthand": {
            "rotation": [ 75, 45, 0 ],
            "translation": [ 0, 2.5, 0],
            "scale": [ 0.65, 0.65, 0.65 ]
        },
        "firstperson_righthand": {
            "rotation": [ 0, 45, 0 ],
            "translation": [ 0, 2, 0 ],
            "scale": [ 0.7, 0.7, 0.7 ]
        },
        "firstperson_lefthand": {
            "rotation": [ 0, 225, 0 ],
            "translation": [ 0, 2, 0 ],
            "scale": [ 0.7, 0.7, 0.7 ]
        },
        "gui": {
            "rotation": [ 30, 225, 0 ],
            "translation": [ 0, 3, 0],
            "scale":[ 1.15, 1.15, 1.15 ]
        }
    },
	"textures": {
		"0": "block/bell_item",
		"particle": "block/bell_item"
	},
	"elements": [
		{
			"from": [4, 0, 4],
			"to": [12, 2, 12],
			"faces": {
				"north": {"uv": [8, 8.5, 15.999, 10.499], "texture": "#0"},
				"east": {"uv": [8, 8.5, 15.999, 10.499], "texture": "#0"},
				"south": {"uv": [8, 8.5, 15.999, 10.499], "texture": "#0"},
				"west": {"uv": [8, 8.5, 15.999, 10.499], "texture": "#0"},
				"up": {"uv": [8, 0, 15.999, 8], "texture": "#0"},
				"down": {"uv": [8, 0, 15.999, 8], "texture": "#0"}
			}
		},
		{
			"from": [5, 2, 5],
			"to": [11, 9, 11],
			"faces": {
				"north": {"uv": [0, 6.5, 6, 13.5], "texture": "#0"},
				"east": {"uv": [0, 6.5, 6, 13.498], "texture": "#0"},
				"south": {"uv": [0, 6.5, 6, 13.5], "texture": "#0"},
				"west": {"uv": [0, 6.5, 6, 13.5], "texture": "#0"},
				"up": {"uv": [0, 0, 6, 6], "texture": "#0"}
			}
		},
		{
			"from": [7, 9, 7],
			"to": [9, 10, 9],
			"faces": {
				"north": {"uv": [10, 9.5, 11.999, 10.499], "texture": "#0"},
				"east": {"uv": [8, 9.5, 9.999, 10.5], "texture": "#0"},
				"south": {"uv": [13, 9.5, 15, 10.5], "texture": "#0"},
				"west": {"uv": [11, 9.5, 13, 10.5], "texture": "#0"},
				"up": {"uv": [11, 3, 13, 5], "texture": "#0"}
			}
		}
	]
}